State,District,Population,Area (in km^2),Latitude,Longitude
Andhra Pradesh,Anantapur,4083315,19130,14.70,77.60
Andhra Pradesh,Chittoor,4170468,15152,14.47,78.82
Andhra Pradesh,East Godavari,5151549,10807,16.95,82.25
Andhra Pradesh,Guntur,4889230,11391,16.30,80.45
Andhra Pradesh,Kadapa,2884524,15359,14.47,78.82
Andhra Pradesh,Krishna,4529009,8727,16.28,81.22
Andhra Pradesh,Kurnool,4046601,17658,15.80,77.97
Andhra Pradesh,Prakasam,3392764,17626,15.33,79.55
Andhra Pradesh,Sri Potti Sriramulu Nellore,2966082,13076,14.43,80.00
Andhra Pradesh,Srikakulam,2699471,5837,18.42,84.02
Andhra Pradesh,Visakhapatnam,4288113,11161,17.70,83.28
Andhra Pradesh,Vizianagaram,2342868,6539,18.20,83.40
Andhra Pradesh,West Godavari,3934782,7742,16.12,81.02
Arunachal Pradesh,Anjaw,21089,6190,27.92,96.33
Arunachal Pradesh,Changlang,147951,4662,27.12,95.73
Arunachal Pradesh,East Kameng,78413,4134,0.00,0.00
Arunachal Pradesh,East Siang,99019,3603,0.00,0.00
Arunachal Pradesh,Kamle,22256,200,0.00,0.00
Arunachal Pradesh,Kra Daadi,0,0,0.00,0.00
Arunachal Pradesh,Kurung Kumey,89717,6040,27.90,93.35
Arunachal Pradesh,Lepa Rada,0,0,0.00,0.00
Arunachal Pradesh,Lohit,145538,2402,28.00,96.50
Arunachal Pradesh,Longding,60000,1200,0.00,0.00
Arunachal Pradesh,Lower Dibang Valley,53986,3900,28.13,95.83
Arunachal Pradesh,Lower Siang,80597,0,0.00,0.00
Arunachal Pradesh,Lower Subansiri,82839,3508,27.80,93.60
Arunachal Pradesh,Namsai,95950,1587,27.67,95.87
Arunachal Pradesh,Pakke-Kessang,0,0,0.00,0.00
Arunachal Pradesh,Papum Pare,176385,2875,27.15,93.72
Arunachal Pradesh,Shi Yomi,13310,2875,0.00,0.00
Arunachal Pradesh,Siang,31920,2919,28.20,94.98
Arunachal Pradesh,Tawang,49950,2085,27.58,91.85
Arunachal Pradesh,Tirap,111997,2362,26.98,95.50
Arunachal Pradesh,Upper Dibang Valley,7948,9129,28.70,95.70
Arunachal Pradesh,Upper Siang,35289,6188,28.60,95.03
Arunachal Pradesh,Upper Subansiri,83205,7032,28.30,94.00
Arunachal Pradesh,West Kameng,87013,7422,0.00,0.00
Arunachal Pradesh,West Siang,112272,8325,28.40,94.55
Assam,Baksa,953773,2008,26.57,91.42
Assam,Barpeta,1693190,3245,26.53,91.00
Assam,Bishwanath,612491,1100,0.00,0.00
Assam,Bongaigaon,732639,1724,26.47,90.57
Assam,Cachar,1736319,3786,25.08,92.92
Assam,Charaideo,0,0,26.92,94.73
Assam,Chirang,481818,1975,0.00,0.00
Assam,Darrang,908090,1849,26.75,92.50
Assam,Dhemaji,688077,3237,27.47,94.55
Assam,Dhubri,1948632,2838,26.03,89.97
Assam,Dibrugarh,1327748,3381,27.47,94.92
Assam,Dima Hasao,213529,4888,25.18,93.03
Assam,Goalpara,1008959,1824,26.43,90.37
Assam,Golaghat,1058674,3502,26.00,93.00
Assam,Hailakandi,659260,1327,24.68,92.57
Assam,Hojai,931218,0,26.00,92.87
Assam,Jorhat,1091295,2851,26.75,94.22
Assam,Kamrup,1517202,3480,26.33,91.25
Assam,Kamrup Metropolitan,1260419,627,26.18,91.73
Assam,Karbi Anglong,965280,10434,26.18,93.57
Assam,Karimganj,1217002,1809,24.87,92.35
Assam,Kokrajhar,886999,3129,26.40,90.27
Assam,Lakhimpur,1040644,2277,27.22,94.10
Assam,Majuli,167304,880,26.95,94.17
Assam,Morigaon,957853,1704,26.25,92.33
Assam,Nagaon,2826006,3831,26.35,92.67
Assam,Nalbari,769919,1009,26.45,91.43
Assam,Sivasagar,1150253,2668,26.98,94.62
Assam,South Salmara,555114,568,25.68,89.98
Assam,Sonitpur,1925975,5324,26.63,92.80
Assam,Tinsukia,1316948,3790,27.48,95.35
Assam,Udalguri,832769,1676,26.73,92.08
Assam,West Karbi Anglong,300320,3035,17.35,75.17
Bihar,Araria,2806200,2829,26.12,87.47
Bihar,Arwal,700843,638,25.23,84.67
Bihar,Aurangabad,2511243,3303,19.88,75.32
Bihar,Banka,2029339,3018,0.00,0.00
Bihar,Begusarai,2954367,1917,25.42,86.13
Bihar,Bhagalpur,3032226,2569,25.00,86.92
Bihar,Bhojpur,2720155,2473,0.00,0.00
Bihar,Buxar,1707643,1624,25.55,83.97
Bihar,Darbhanga,3921971,2278,26.00,86.00
Bihar,East Champaran,5082868,3969,26.65,84.92
Bihar,Gaya,4379383,4978,24.75,85.00
Bihar,Gopalganj,2558037,2033,0.00,0.00
Bihar,Jamui,1756078,3099,24.92,86.22
Bihar,Jehanabad,1124176,1569,24.75,85.00
Bihar,Kaimur,1626900,3363,25.03,83.60
Bihar,Katihar,3068149,3056,25.55,87.57
Bihar,Khagaria,1657599,1486,25.50,86.47
Bihar,Kishanganj,1690948,1884,25.67,86.93
Bihar,Lakhisarai,1000717,1229,25.17,86.08
Bihar,Madhepura,1994618,1787,25.90,86.77
Bihar,Madhubani,4476044,3501,26.35,86.07
Bihar,Munger,1359054,1419,25.37,86.45
Bihar,Muzaffarpur,4778610,3173,26.12,85.38
Bihar,Nalanda,2872523,2354,25.20,85.52
Bihar,Nawada,2216653,2492,24.75,85.00
Bihar,Patna,5772804,3202,25.42,85.17
Bihar,Purnia,3273127,3228,25.77,87.47
Bihar,Rohtas,2962593,3850,24.95,84.00
Bihar,Saharsa,1897102,1702,25.88,86.60
Bihar,Samastipur,4254782,2905,25.85,85.77
Bihar,Saran,3943098,2641,25.92,84.75
Bihar,Sheikhpura,634927,689,25.12,85.85
Bihar,Sheohar,656916,443,26.52,85.30
Bihar,Sitamarhi,3419622,2199,26.60,85.48
Bihar,Siwan,3318176,2219,26.20,84.40
Bihar,Supaul,2228397,2410,25.92,86.25
Bihar,Vaishali,3495021,2036,0.00,0.00
Bihar,West Champaran,3935042,5229,0.00,0.00
Chhattisgarh,Balod,826165,3527,20.73,81.20
Chhattisgarh,Baloda Bazar,1305343,4748,21.67,82.17
Chhattisgarh,Balrampur,598855,3806,27.43,82.18
Chhattisgarh,Bastar,1302253,4030,19.07,82.02
Chhattisgarh,Bemetara,197035,2855,21.70,81.53
Chhattisgarh,Bijapur,229832,6562,16.83,75.72
Chhattisgarh,Bilaspur,1961922,5818,0.00,0.00
Chhattisgarh,Dantewada,533638,3411,18.90,81.35
Chhattisgarh,Dhamtari,799199,2029,20.70,81.53
Chhattisgarh,Durg,3343079,8542,21.18,81.28
Chhattisgarh,Gariaband,597653,5823,20.63,82.07
Chhattisgarh,Janjgir-Champa,1620632,3848,22.02,82.57
Chhattisgarh,Jashpur,852043,5825,22.90,84.15
Chhattisgarh,Kabirdham,584667,4237,22.02,81.25
Chhattisgarh,Kanker,748593,6513,20.27,81.48
Chhattisgarh,Kondagaon,578326,7769,19.60,81.67
Chhattisgarh,Korba,1206563,6615,22.35,82.68
Chhattisgarh,Koriya,659039,6578,23.25,82.55
Chhattisgarh,Mahasamund,1032275,4779,21.10,82.10
Chhattisgarh,Mungeli,701707,2750,22.07,81.67
Chhattisgarh,Narayanpur,140206,6640,19.72,81.25
Chhattisgarh,Raigarh,1493627,7068,21.90,83.40
Chhattisgarh,Raipur,4062160,13083,20.92,82.00
Chhattisgarh,Rajnandgaon,1537520,8062,21.10,81.03
Chhattisgarh,Sukma,249000,5636,18.40,81.67
Chhattisgarh,Surajpur,660280,6787,23.22,82.85
Chhattisgarh,Surguja,420661,3265,23.12,83.20
Goa,North Goa,817761,1736,15.48,73.82
Goa,South Goa,639962,1966,15.27,73.95
Gujarat,Ahmedabad,7208200,8707,23.03,72.58
Gujarat,Amreli,1513614,6760,21.42,71.25
Gujarat,Anand,2090276,2942,22.57,72.93
Gujarat,Aravalli,1051746,3217,24.02,73.03
Gujarat,Banaskantha,3116045,12703,24.17,72.42
Gujarat,Bharuch,1550822,6524,20.70,72.98
Gujarat,Bhavnagar,2877961,11155,21.77,72.13
Gujarat,Botad,656005,2564,22.17,71.67
Gujarat,Chhota Udepur,1071831,3237,0.00,0.00
Gujarat,Dahod,2126558,3642,22.83,74.25
Gujarat,Dang,226769,1764,0.00,0.00
Gujarat,Devbhoomi Dwarka,752484,5684,22.20,69.65
Gujarat,Gandhinagar,1387478,649,23.22,72.68
Gujarat,Gir Somnath,1217477,3754,0.00,0.00
Gujarat,Jamnagar,2159130,14125,22.22,69.70
Gujarat,Junagadh,2742291,8839,21.52,70.45
Gujarat,Kheda,2298934,4215,22.75,72.68
Gujarat,Kutch,2090313,45652,23.90,70.37
Gujarat,Mahisagar,994624,2500,23.12,73.62
Gujarat,Mehsana,2027727,4386,23.67,72.50
Gujarat,Morbi,960329,4871,22.82,70.83
Gujarat,Narmada,590379,2749,21.87,73.50
Gujarat,Navsari,1330711,2211,20.95,72.92
Gujarat,Panchmahal,2388267,5219,22.75,73.60
Gujarat,Patan,1342746,5738,23.83,72.12
Gujarat,Porbandar,586062,2294,21.62,69.60
Gujarat,Rajkot,3157676,11203,22.30,70.78
Gujarat,Sabarkantha,2427346,7390,23.60,72.95
Gujarat,Surat,4996391,4327,20.92,73.05
Gujarat,Surendranagar,1755873,10489,22.73,71.52
Gujarat,Tapi,806489,3435,21.12,73.40
Gujarat,Vadodara,3639775,7794,22.18,73.12
Gujarat,Valsad,1703068,3034,20.60,72.92
Haryana,Ambala,1136784,1569,30.42,77.17
Haryana,Bhiwani,1629109,5140,28.78,76.13
Haryana,Charkhi Dadri,502276,1370,28.58,76.27
Haryana,Faridabad,1798954,783,28.40,77.32
Haryana,Fatehabad,941522,2538,29.32,75.27
Haryana,Gurgaon,1514085,1258,28.25,77.17
Haryana,Hissar,1742815,3788,29.17,75.72
Haryana,Jhajjar,956907,1868,28.60,76.65
Haryana,Jind,1332042,2702,29.30,76.32
Haryana,Kaithal,1072861,2799,29.80,76.38
Haryana,Karnal,1506323,2471,29.67,76.83
Haryana,Kurukshetra,964231,1530,29.97,76.85
Haryana,Mahendragarh,921680,1900,28.03,76.10
Haryana,Nuh,1089406,1765,28.10,77.00
Haryana,Palwal,1040493,1367,28.15,77.33
Haryana,Panchkula,558890,816,30.68,76.85
Haryana,Panipat,1202811,1250,29.38,76.97
Haryana,Rewari,896129,1559,27.95,76.28
Haryana,Rohtak,1058683,1668,28.53,76.33
Haryana,Sirsa,1295114,4276,29.53,75.02
Haryana,Sonipat,1480080,2260,28.98,77.02
Haryana,Yamuna Nagar,1214162,1756,30.12,77.27
Himachal Pradesh,Bilaspur,382056,1167,0.00,0.00
Himachal Pradesh,Chamba,518844,6528,32.55,76.12
Himachal Pradesh,Hamirpur,454293,1118,0.00,0.00
Himachal Pradesh,Kangra,1507223,5739,32.22,76.32
Himachal Pradesh,Kinnaur,84298,6401,31.58,78.42
Himachal Pradesh,Kullu,437474,5503,0.00,0.00
Himachal Pradesh,Lahaul and Spiti,31528,13835,32.50,77.83
Himachal Pradesh,Mandi,999518,3950,0.00,0.00
Himachal Pradesh,Shimla,813384,5131,31.10,77.17
Himachal Pradesh,Sirmaur,530164,2825,30.63,77.43
Himachal Pradesh,Solan,576670,1936,30.90,77.08
Himachal Pradesh,Una,521057,1540,31.47,76.27
Jharkhand,Bokaro,2061918,2861,23.68,86.10
Jharkhand,Chatra,1042304,3700,24.20,84.87
Jharkhand,Deoghar,1491879,2479,24.48,86.70
Jharkhand,Dhanbad,2682662,2075,23.78,86.42
Jharkhand,Dumka,1321096,4404,24.27,87.25
Jharkhand,East Singhbhum,2291032,3533,22.80,86.18
Jharkhand,Garhwa,1322387,4064,24.17,83.80
Jharkhand,Giridih,2445203,4887,24.17,86.32
Jharkhand,Godda,1311382,2110,24.82,87.22
Jharkhand,Gumla,1025656,5327,23.00,84.50
Jharkhand,Hazaribag,1734005,4302,24.00,85.25
Jharkhand,Jamtara,790207,1802,23.95,86.80
Jharkhand,Khunti,530299,2467,23.07,85.27
Jharkhand,Koderma,717169,1312,24.47,85.58
Jharkhand,Latehar,725673,3630,23.72,84.47
Jharkhand,Lohardaga,461738,1494,23.43,84.68
Jharkhand,Pakur,899200,1805,24.62,87.85
Jharkhand,Palamu,1936319,5082,24.02,84.07
Jharkhand,Ramgarh,949159,1212,23.62,85.52
Jharkhand,Ranchi,2912022,7974,23.00,85.00
Jharkhand,Sahibganj,1150038,1599,25.25,87.65
Jharkhand,Seraikela Kharsawan,1063458,2725,22.70,85.92
Jharkhand,Simdega,599813,3750,22.60,84.50
Jharkhand,West Singhbhum,1501619,7186,22.57,85.82
Karnataka,Bagalkot,1890826,6583,16.12,75.45
Karnataka,Ballari,2532383,8439,15.15,76.93
Karnataka,Belgaum,4778439,13415,15.85,74.55
Karnataka,Bangalore Rural,987257,2239,13.27,77.62
Karnataka,Bangalore Urban,9588910,2190,12.97,77.55
Karnataka,Bidar,1700018,5448,17.90,77.50
Karnataka,Chamarajnagar,1020962,5102,12.00,77.30
Karnataka,Chikkaballapur,1254377,4208,13.43,77.72
Karnataka,Chikkamagaluru,1137753,7201,13.30,75.73
Karnataka,Chitradurga,1660378,8437,14.00,76.50
Karnataka,Dakshina Kannada,2083625,4559,12.87,74.88
Karnataka,Davanagere,1946905,5926,14.23,75.90
Karnataka,Dharwad,1846993,4265,15.38,75.12
Karnataka,Gadag,1065235,4651,15.40,75.75
Karnataka,Gulbarga,2564892,10990,17.33,76.83
Karnataka,Hassan,1776221,6814,0.00,0.00
Karnataka,Haveri,1598506,4825,14.80,75.40
Karnataka,Kodagu,554762,4102,12.42,75.73
Karnataka,Kolar,1540231,4012,13.13,78.13
Karnataka,Koppal,1391292,5565,15.57,76.00
Karnataka,Mandya,1808680,4961,12.52,76.90
Karnataka,Mysuru,2994744,6854,12.22,76.48
Karnataka,Raichur,1924773,6839,16.22,77.35
Karnataka,Ramanagara,1082739,3573,12.72,75.28
Karnataka,Shimoga,1755512,8495,14.00,75.28
Karnataka,Tumakuru,2681449,10598,13.33,77.10
Karnataka,Udupi,1177908,3879,13.35,74.75
Karnataka,Uttara Kannada,1353299,10291,14.60,74.70
Karnataka,Vijayapura,2175102,10517,13.28,77.80
Karnataka,Yadgir,1172985,5225,16.75,77.13
Kerala,Alappuzha,2121943,1415,9.48,76.48
Kerala,Ernakulam,3279860,3063,10.00,76.33
Kerala,Idukki,1107453,4356,9.85,76.93
Kerala,Kannur,2525637,2961,11.87,75.35
Kerala,Kasaragod,1302600,1989,12.50,75.00
Kerala,Kollam,2629703,2483,8.80,76.60
Kerala,Kottayam,1979384,2206,9.58,76.52
Kerala,Kozhikode,3089543,2345,11.25,75.77
Kerala,Malappuram,4110956,3554,11.03,76.07
Kerala,Palakkad,2810892,4482,10.77,76.65
Kerala,Pathanamthitta,1195537,2652,9.27,76.78
Kerala,Thrissur,3110327,3027,10.52,76.22
Kerala,Thiruvananthapuram,3307284,2189,8.28,76.68
Kerala,Wayanad,816558,2130,11.62,76.08
Madhya Pradesh,Agar Malwa,0,2785,23.70,76.00
Madhya Pradesh,Alirajpur,728677,3182,22.30,74.35
Madhya Pradesh,Anuppur,749521,3747,23.12,81.70
Madhya Pradesh,Ashok Nagar,844979,4674,24.57,77.72
Madhya Pradesh,Balaghat,1701156,9229,21.97,80.33
Madhya Pradesh,Barwani,1385659,5432,22.02,74.92
Madhya Pradesh,Betul,1575247,10043,21.83,77.83
Madhya Pradesh,Bhind,1703562,4459,26.55,78.78
Madhya Pradesh,Bhopal,2368145,2772,23.27,77.40
Madhya Pradesh,Burhanpur,756993,3427,21.30,76.22
Madhya Pradesh,Chachaura-Binaganj,0,0,24.17,77.00
Madhya Pradesh,Chhatarpur,1762857,8687,24.90,79.57
Madhya Pradesh,Chhindwara,2090306,11815,22.05,78.93
Madhya Pradesh,Damoh,1263703,7306,21.88,80.78
Madhya Pradesh,Datia,786375,2694,25.67,78.45
Madhya Pradesh,Dewas,1563107,7020,22.95,76.05
Madhya Pradesh,Dhar,2184672,8153,22.60,75.30
Madhya Pradesh,Dindori,704218,7427,22.95,81.08
Madhya Pradesh,Guna,1240938,6485,24.63,77.32
Madhya Pradesh,Gwalior,2030543,5465,26.22,78.17
Madhya Pradesh,Harda,570302,3339,22.33,77.08
Madhya Pradesh,Hoshangabad,1240975,6698,22.67,77.50
Madhya Pradesh,Indore,3272335,3898,22.67,75.75
Madhya Pradesh,Jabalpur,2460714,5210,23.15,79.93
Madhya Pradesh,Jhabua,1024091,6782,22.77,74.60
Madhya Pradesh,Katni,1291684,4947,23.83,80.38
Madhya Pradesh,Khandwa (East Nimar),1309443,7349,0.00,0.00
Madhya Pradesh,Khargone (West Nimar),1872413,8010,0.00,0.00
Madhya Pradesh,Maihar,0,0,24.25,80.75
Madhya Pradesh,Mandla,1053522,5805,22.70,81.00
Madhya Pradesh,Mandsaur,1339832,5530,24.07,75.07
Madhya Pradesh,Morena,1965137,4991,26.50,78.00
Madhya Pradesh,Narsinghpur,1092141,5133,22.92,79.17
Madhya Pradesh,Nagda,0,0,0.00,0.00
Madhya Pradesh,Neemuch,825958,4267,24.47,74.87
Madhya Pradesh,Niwari,0,0,0.00,0.00
Madhya Pradesh,Panna,1016028,7135,24.72,80.17
Madhya Pradesh,Raisen,1331699,8466,23.32,77.78
Madhya Pradesh,Rajgarh,1546541,6143,24.25,74.93
Madhya Pradesh,Ratlam,1454483,4861,23.32,75.03
Madhya Pradesh,Rewa,2363744,6314,24.52,81.28
Madhya Pradesh,Sagar,2378295,10252,23.80,78.67
Madhya Pradesh,Satna,2228619,7502,24.33,80.55
Madhya Pradesh,Sehore,1311008,6578,23.20,77.08
Madhya Pradesh,Seoni,1378876,8758,22.08,79.55
Madhya Pradesh,Shahdol,1064989,6205,23.30,81.35
Madhya Pradesh,Shajapur,1512353,6196,23.50,76.25
Madhya Pradesh,Sheopur,687952,6585,25.67,76.70
Madhya Pradesh,Shivpuri,1725818,10290,24.87,77.18
Madhya Pradesh,Sidhi,1126515,10520,24.42,81.88
Madhya Pradesh,Singrauli,1178132,5672,24.20,82.67
Madhya Pradesh,Tikamgarh,1444920,5055,24.73,78.82
Madhya Pradesh,Ujjain,1986864,6091,23.42,75.50
Madhya Pradesh,Umaria,643579,4062,23.52,80.83
Madhya Pradesh,Vidisha,1458212,7362,23.52,77.80
Maharashtra,Ahmednagar,4543083,17048,19.08,74.72
Maharashtra,Akola,1818617,5429,20.50,77.17
Maharashtra,Amravati,2887826,12235,20.93,77.75
Maharashtra,Aurangabad,3695928,10107,19.88,75.32
Maharashtra,Beed,2585962,10693,18.83,75.75
Maharashtra,Bhandara,1198810,3890,21.18,80.00
Maharashtra,Buldhana,2588039,9661,20.52,76.17
Maharashtra,Chandrapur,2194262,11443,19.95,79.30
Maharashtra,Dhule,2048781,8095,20.90,74.77
Maharashtra,Gadchiroli,1071795,14412,20.18,80.00
Maharashtra,Gondia,1322331,5431,21.45,80.18
Maharashtra,Hingoli,1178973,4526,19.72,77.15
Maharashtra,Jalgaon,4224442,11765,18.65,75.10
Maharashtra,Jalna,1958483,7718,19.83,75.88
Maharashtra,Kolhapur,3874015,7685,16.68,74.22
Maharashtra,Latur,2455543,7157,18.40,76.58
Maharashtra,Mumbai City,3145966,69,18.97,72.82
Maharashtra,Mumbai suburban,9332481,369,19.05,72.83
Maharashtra,Nanded,3356566,10528,19.15,77.32
Maharashtra,Nandurbar,1646177,5055,21.38,74.37
Maharashtra,Nagpur,4653171,9892,21.00,79.00
Maharashtra,Nashik,6109052,15539,19.98,73.78
Maharashtra,Osmanabad,1660311,7569,17.35,75.17
Maharashtra,Palghar,2990116,5344,19.68,72.77
Maharashtra,Parbhani,1835982,6511,19.50,76.75
Maharashtra,Pune,9426959,15643,18.52,73.83
Maharashtra,Raigad,2635394,7152,18.65,72.87
Maharashtra,Ratnagiri,1612672,8208,16.98,73.30
Maharashtra,Sangli,2820575,8572,16.85,74.57
Maharashtra,Satara,3003922,10475,17.70,74.00
Maharashtra,Sindhudurg,848868,5207,16.10,73.68
Maharashtra,Solapur,4315527,14895,17.83,75.50
Maharashtra,Thane,11060148,4214,19.20,72.97
Maharashtra,Wardha,1296157,6309,20.83,78.60
Maharashtra,Washim,1196714,5155,20.10,77.13
Maharashtra,Yavatmal,2775457,13582,20.10,78.20
Manipur,Bishnupur,240363,496,24.63,93.77
Manipur,Chandel,144028,3317,24.32,93.98
Manipur,Churachandpur,271274,4574,24.33,93.68
Manipur,Imphal East,452661,710,24.80,93.95
Manipur,Imphal West,514683,519,24.82,93.90
Manipur,Jiribam,43818,232,24.80,93.12
Manipur,Kakching,135481,0,24.48,93.98
Manipur,Kamjong,45616,2000,24.85,94.50
Manipur,Kangpokpi,0,0,25.13,93.97
Manipur,Noney,0,0,0.00,0.00
Manipur,Pherzawl,47250,2285,0.00,0.00
Manipur,Senapati,354772,3269,0.00,0.00
Manipur,Tamenglong,140143,4391,24.98,93.48
Manipur,Tengnoupal,0,0,24.32,93.98
Manipur,Thoubal,420517,514,24.65,93.98
Manipur,Ukhrul,183115,4547,25.12,94.37
Meghalaya,East Garo Hills,317618,2603,25.48,90.62
Meghalaya,East Khasi Hills,824059,2752,25.57,91.88
Meghalaya,East Jaintia Hills,122436,2115,0.00,0.00
Meghalaya,North Garo Hills,118325,1113,25.88,90.58
Meghalaya,Ri Bhoi,258380,2378,25.90,91.88
Meghalaya,South Garo Hills,142574,1850,25.20,90.63
Meghalaya,South West Garo Hills,172495,822,0.00,0.00
Meghalaya,South West Khasi Hills,110152,1341,0.00,0.00
Meghalaya,West Jaintia Hills,270352,1693,25.45,92.20
Meghalaya,West Garo Hills,642923,3714,25.52,90.22
Meghalaya,West Khasi Hills,385601,5247,25.52,91.27
Mizoram,Aizawl,404054,3577,23.73,92.72
Mizoram,Champhai,125370,3168,23.47,93.32
Mizoram,Hnahthial,-,-,22.90,92.75
Mizoram,Khawzawl,-,-,23.53,93.17
Mizoram,Kolasib,83054,1386,24.22,92.67
Mizoram,Lawngtlai,117444,2519,22.52,92.90
Mizoram,Lunglei,154094,4572,22.90,92.75
Mizoram,Mamit,85757,2967,23.92,92.48
Mizoram,Saiha,56366,1414,22.48,92.97
Mizoram,Saitual,-,-,23.68,92.95
Mizoram,Serchhip,64875,1424,23.30,92.85
Nagaland,Dimapur,379769,926,25.80,93.78
Nagaland,Kiphire,74033,1255,25.90,94.78
Nagaland,Kohima,270063,1041,25.67,94.12
Nagaland,Longleng,50593,885,26.52,94.93
Nagaland,Mokokchung,193171,1615,26.32,94.52
Nagaland,Mon,259604,1786,26.72,95.03
Nagaland,Noklak,59300,1152,26.22,94.98
Nagaland,Peren,163294,2300,25.52,93.73
Nagaland,Phek,163294,2026,25.67,94.47
Nagaland,Tuensang,414801,4228,26.23,94.82
Nagaland,Wokha,166239,1628,26.10,94.27
Nagaland,Zunheboto,141014,1255,26.02,94.52
Odisha,Angul,1271703,6347,20.82,85.10
Odisha,Boudh (Bauda),439917,4289,0.00,0.00
Odisha,Bhadrak,1506522,2788,21.07,86.50
Odisha,Balangir,1648574,6552,20.70,83.50
Odisha,Bargarh (Baragarh),1478833,5832,0.00,0.00
Odisha,Balasore,2317419,3706,21.50,86.90
Odisha,Cuttack,2618708,3915,20.45,85.82
Odisha,Debagarh (Deogarh),312164,2781,0.00,0.00
Odisha,Dhenkanal,1192948,4597,20.65,85.60
Odisha,Ganjam,3520151,8033,19.37,85.05
Odisha,Gajapati,575880,3056,18.88,84.20
Odisha,Jharsuguda,579499,2202,21.85,84.00
Odisha,Jajpur,1826275,2885,20.85,86.32
Odisha,Jagatsinghpur,1136604,1759,20.25,86.15
Odisha,Khordha,2246341,2888,20.15,85.65
Odisha,Kendujhar (Keonjhar),1802777,8336,0.00,0.00
Odisha,Kalahandi,1573054,8197,20.07,83.20
Odisha,Kandhamal,731952,6004,20.47,84.23
Odisha,Koraput,1376934,8534,18.80,82.70
Odisha,Kendrapara,1439891,2546,20.52,86.47
Odisha,Malkangiri,612727,6115,18.25,82.13
Odisha,Mayurbhanj,2513895,10418,21.92,86.72
Odisha,Nabarangpur,1218762,5135,19.23,82.55
Odisha,Nuapada,606490,3408,20.65,82.82
Odisha,Nayagarh,962215,3954,20.10,85.00
Odisha,Puri,1697983,3055,19.80,85.82
Odisha,Rayagada,961959,7585,19.15,83.40
Odisha,Sambalpur,1044410,6702,21.45,83.97
Odisha,Subarnapur (Sonepur),652107,2284,0.00,0.00
Odisha,Sundargarh,2080664,9942,22.10,84.00
Punjab,Amritsar,2490891,2673,31.58,74.98
Punjab,Barnala,596294,1423,30.37,75.53
Punjab,Bathinda,1388859,3355,30.20,74.93
Punjab,Firozpur,2026831,5334,30.93,74.62
Punjab,Faridkot,618008,1472,30.67,74.75
Punjab,Fatehgarh Sahib,599814,1180,30.38,76.23
Punjab,Fazilka,1180483,3113,30.40,74.02
Punjab,Gurdaspur,2299026,3542,31.92,75.25
Punjab,Hoshiarpur,1582793,3397,31.58,75.98
Punjab,Jalandhar,2181753,2625,31.32,75.57
Punjab,Kapurthala,817668,1646,31.37,75.38
Punjab,Ludhiana,3487882,3744,30.88,75.85
Punjab,Mansa,768808,2174,0.00,0.00
Punjab,Moga,992289,2235,30.82,75.17
Punjab,Sri Muktsar Sahib,902702,2596,30.47,74.50
Punjab,Pathankot,626154,929,32.27,75.63
Punjab,Patiala,2892282,3175,30.33,76.38
Punjab,Rupnagar,683349,1400,30.97,76.52
Punjab,Sahibzada Ajit Singh Nagar,986147,1188,30.68,76.72
Punjab,Sangrur,1654408,3685,30.23,75.83
Punjab,Shahid Bhagat Singh Nagar,614362,1283,31.12,76.10
Punjab,Tarn Taran,1120070,2414,31.45,74.92
Rajasthan,Ajmer,2584913,8481,26.45,74.63
Rajasthan,Alwar,3671999,8380,27.57,76.60
Rajasthan,Bikaner,2367745,27244,28.02,73.30
Rajasthan,Barmer,2604453,28387,25.75,71.38
Rajasthan,Banswara,1798194,5037,27.20,74.00
Rajasthan,Bharatpur,2549121,5066,27.22,77.50
Rajasthan,Baran,1223921,6955,25.10,76.52
Rajasthan,Bundi,1113725,5550,25.43,75.63
Rajasthan,Bhilwara,2410459,10455,25.35,74.63
Rajasthan,Churu,2041172,16830,28.28,74.95
Rajasthan,Chittorgarh,1544392,10856,24.87,74.62
Rajasthan,Dausa,1637226,3429,26.53,76.18
Rajasthan,Dholpur,1207293,3084,26.70,77.90
Rajasthan,Dungarpur,1388906,3771,23.83,73.72
Rajasthan,Ganganagar,1969520,10990,29.92,73.87
Rajasthan,Hanumangarh,1779650,9670,29.57,74.32
Rajasthan,Jhunjhunu,2139658,5928,75.02,76.07
Rajasthan,Jalore,1830151,10640,25.35,72.62
Rajasthan,Jodhpur,3685681,22850,27.62,72.92
Rajasthan,Jaipur,6663971,11152,26.92,75.82
Rajasthan,Jaisalmer,672008,38401,26.90,70.90
Rajasthan,Jhalawar,1411327,6219,24.60,76.15
Rajasthan,Karauli,1458459,5530,26.50,77.02
Rajasthan,Kota,1950491,5446,25.17,73.82
Rajasthan,Nagaur,3309234,17718,27.20,73.73
Rajasthan,Pali,2038533,12387,25.77,73.32
Rajasthan,Pratapgarh,868231,4112,0.00,0.00
Rajasthan,Rajsamand,1158283,3853,25.07,73.87
Rajasthan,Sikar,2677737,7732,27.22,74.43
Rajasthan,Sawai Madhopur,1338114,4500,26.00,76.35
Rajasthan,Sirohi,1037185,5136,24.88,72.85
Rajasthan,Tonk,1421711,7194,26.15,75.78
Rajasthan,Udaipur,3067549,13430,24.38,73.62
Sikkim,East Sikkim,281293,954,27.32,88.60
Sikkim,North Sikkim,43354,4226,27.52,88.53
Sikkim,South Sikkim,146742,750,27.17,88.37
Sikkim,West Sikkim,136299,1166,27.28,88.25
Tamil Nadu,Ariyalur,752481,3208,11.13,79.07
Tamil Nadu,Chengalpattu,2556244,2945,12.68,79.98
Tamil Nadu,Chennai,7100000,426,13.08,80.27
Tamil Nadu,Coimbatore,3472578,7469,11.00,76.97
Tamil Nadu,Cuddalore,2600880,3999,11.75,79.75
Tamil Nadu,Dharmapuri,1502900,4532,12.12,78.15
Tamil Nadu,Dindigul,2161367,6058,10.35,77.98
Tamil Nadu,Erode,2259608,5714,11.35,77.73
Tamil Nadu,Kallakurichi,1370281,3520,11.73,78.95
Tamil Nadu,Kanchipuram,1166401,1656,12.82,79.72
Tamil Nadu,Kanyakumari,1863178,1685,8.07,77.53
Tamil Nadu,Karur,1076588,2901,10.95,78.07
Tamil Nadu,Krishnagiri,1883731,5086,12.52,78.20
Tamil Nadu,Madurai,3991038,3676,9.83,77.83
Tamil Nadu,Mayiladuthurai,0,0,11.10,79.65
Tamil Nadu,Nagapattinam,1614069,2716,10.77,79.82
Tamil Nadu,Nilgiris,735071,2549,11.42,76.68
Tamil Nadu,Namakkal,1721179,3429,11.22,78.17
Tamil Nadu,Perambalur,564511,1752,11.23,78.87
Tamil Nadu,Pudukkottai,1918725,4651,10.38,78.82
Tamil Nadu,Ramanathapuram,1337560,4123,9.38,78.75
Tamil Nadu,Ranipet,1210277,2234,12.93,79.33
Tamil Nadu,Salem,3480008,5245,11.65,78.13
Tamil Nadu,Sivaganga,1341250,4086,9.72,78.82
Tamil Nadu,Tenkasi,1407627,2916,8.97,77.30
Tamil Nadu,Tirupur,2471222,5106,11.18,77.25
Tamil Nadu,Tiruchirappalli,2713858,4407,10.78,78.68
Tamil Nadu,Theni,1243684,3066,10.07,77.75
Tamil Nadu,Tirunelveli,1665253,3842,8.72,77.70
Tamil Nadu,Thanjavur,2402781,3397,10.78,79.13
Tamil Nadu,Thoothukudi,1738376,4594,8.80,78.13
Tamil Nadu,Tirupattur,1111812,1792,12.50,78.60
Tamil Nadu,Tiruvallur,3725697,3424,13.13,79.90
Tamil Nadu,Tiruvarur,1268094,2377,10.77,79.63
Tamil Nadu,Tiruvannamalai,2468965,6191,12.42,79.12
Tamil Nadu,Vellore,1614242,2080,12.90,79.13
Tamil Nadu,Viluppuram,2093003,3725,11.95,79.52
Tamil Nadu,Virudhunagar,1943309,3446,9.58,77.95
Telangana,Adilabad,708952,4185.97,19.67,78.52
Telangana,Komaram Bheem,515835,4300.16,0.00,0.00
Telangana,Bhadradri Kothagudem,1304811,8951,0.00,0.00
Telangana,Hyderabad,3441992,4325.29,17.37,78.48
Telangana,Jagtial,983414,3043.23,18.80,78.93
Telangana,Jangaon,582457,2187.5,17.72,79.18
Telangana,Jayashankar Bhupalpally,712257,6361.7,0.00,0.00
Telangana,Jogulamba Gadwal,664971,2928,0.00,0.00
Telangana,Kamareddy,972625,3651,18.32,78.33
Telangana,Karimnagar,1016063,2379.07,18.43,79.12
Telangana,Khammam,1401639,4453,17.25,80.17
Telangana,Mahabubabad,770170,2876.7,17.62,80.02
Telangana,Mahbubnagar,1318110,4037,16.75,78.00
Telangana,Mancherial,807037,4056.36,18.87,79.43
Telangana,Medak,767428,2740.89,18.03,78.25
Telangana,Medchal-Malkajgiri,2542203,5005.98,0.00,0.00
Telangana,Mulugu,294671,3881,18.18,79.93
Telangana,Nalgonda,1631399,2449.79,17.05,79.27
Telangana,Narayanpet,566874,2336.44,16.73,77.50
Telangana,Nagarkurnool,893308,6545,16.48,78.33
Telangana,Nirmal,709415,3562.51,19.10,78.35
Telangana,Nizamabad,1534428,4153,18.68,78.10
Telangana,Peddapalli,795332,4614.74,18.60,79.38
Telangana,Rajanna Sircilla,546121,2030.89,0.00,0.00
Telangana,Ranga Reddy,2551731,1038,17.30,78.10
Telangana,Sangareddy,1527628,4464.87,17.62,78.08
Telangana,Siddipet,993376,3425.19,18.10,78.85
Telangana,Suryapet,1099560,3374.47,17.13,79.62
Telangana,Vikarabad,881250,3385,17.33,77.90
Telangana,Wanaparthy,751553,2938,16.35,78.05
Telangana,Warangal Urban,1135707,1304.5,17.95,79.50
Telangana,Warangal Rural,716457,2175.5,0.00,0.00
Telangana,Yadadri Bhuvanagiri,726465,3091.48,0.00,0.00
Tripura,Dhalai,377988,2400,23.93,91.85
Tripura,Gomati,436868,1522.8,23.55,91.48
Tripura,Khowai,327391,1005.67,23.88,91.63
Tripura,North Tripura,415946,1444.5,24.33,92.02
Tripura,Sepahijala,484233,1044.78,23.62,91.32
Tripura,South Tripura,433737,1534.2,23.53,91.48
Tripura,Unokoti,277335,591.93,0.00,0.00
Tripura,West Tripura,917534,942.55,23.92,91.50
Uttar Pradesh,Agra,4380793,4027,27.08,77.97
Uttar Pradesh,Aligarh,3673849,3747,27.83,78.17
Uttar Pradesh,Prayagraj,5959798,5481,25.45,81.85
Uttar Pradesh,Ambedkar Nagar,2398709,2372,0.00,0.00
Uttar Pradesh,Amethi,2549935,3063,26.17,81.78
Uttar Pradesh,Amroha,1838771,2321,28.90,78.47
Uttar Pradesh,Auraiya,1372287,2051,26.47,79.52
Uttar Pradesh,Azamgarh,4616509,4053,26.60,83.18
Uttar Pradesh,Bagpat,1302156,1345,28.93,77.22
Uttar Pradesh,Bahraich,2384239,4926,27.57,81.58
Uttar Pradesh,Ballia,3223642,2981,28.20,79.37
Uttar Pradesh,Balrampur,2149066,3349,27.43,82.18
Uttar Pradesh,Banda,1799541,4413,0.00,0.00
Uttar Pradesh,Barabanki,3257983,3825,26.92,81.20
Uttar Pradesh,Bareilly,4465344,4120,28.42,79.38
Uttar Pradesh,Basti,2461056,2687,27.25,83.00
Uttar Pradesh,Bhadohi,1554203,960,25.33,82.47
Uttar Pradesh,Bijnor,3683896,4561,29.42,78.52
Uttar Pradesh,Budaun,3712738,5168,28.12,78.98
Uttar Pradesh,Bulandshahr,3498507,3719,28.42,77.83
Uttar Pradesh,Chandauli,1952713,2554,25.25,83.25
Uttar Pradesh,Chitrakoot,990626,3202,25.20,80.90
Uttar Pradesh,Deoria,3098637,2535,26.50,83.77
Uttar Pradesh,Etah,1761152,2456,27.63,78.67
Uttar Pradesh,Etawah,1579160,2287,26.78,79.02
Uttar Pradesh,Ayodhya,2468371,2765,26.80,82.20
Uttar Pradesh,Farrukhabad,1887577,2279,27.50,79.50
Uttar Pradesh,Fatehpur,2632684,4152,0.00,0.00
Uttar Pradesh,Firozabad,2496761,2361,27.15,78.40
Uttar Pradesh,Gautam Buddh Nagar,1674714,1269,28.53,77.38
Uttar Pradesh,Ghaziabad,4661452,1175,28.67,77.42
Uttar Pradesh,Ghazipur,3622727,3377,25.62,83.57
Uttar Pradesh,Gonda,3431386,4425,27.25,82.00
Uttar Pradesh,Gorakhpur,4436275,3325,26.75,83.40
Uttar Pradesh,Hamirpur,1104021,4325,0.00,0.00
Uttar Pradesh,Hapur,1338211,660,28.72,77.77
Uttar Pradesh,Hardoi,4091380,5986,27.42,80.25
Uttar Pradesh,Hathras,1565678,1752,27.60,78.05
Uttar Pradesh,Jalaun,1670718,4565,26.00,79.50
Uttar Pradesh,Jaunpur,4476072,4038,25.75,82.75
Uttar Pradesh,Jhansi,2000755,5024,25.50,78.50
Uttar Pradesh,Kannauj,1658005,1993,27.07,79.92
Uttar Pradesh,Kanpur Dehat,1795092,3021,26.33,79.97
Uttar Pradesh,Kanpur Nagar,4572951,3156,26.45,80.32
Uttar Pradesh,Kasganj,1438156,1955,27.82,78.65
Uttar Pradesh,Kaushambi,1596909,1837,25.52,81.37
Uttar Pradesh,Kushinagar,3560830,2909,26.90,83.97
Uttar Pradesh,Lakhimpur Kheri,4013634,7674,27.60,80.33
Uttar Pradesh,Lalitpur,1218002,5039,0.00,0.00
Uttar Pradesh,Lucknow,4588455,2528,26.75,81.00
Uttar Pradesh,Maharajganj,2665292,2953,0.00,0.00
Uttar Pradesh,Mahoba,876055,2847,25.28,79.87
Uttar Pradesh,Mainpuri,1847194,2760,27.17,79.00
Uttar Pradesh,Mathura,2541894,3333,27.28,77.42
Uttar Pradesh,Mau,2205170,1713,25.93,83.57
Uttar Pradesh,Meerut,3447405,2522,28.98,77.70
Uttar Pradesh,Mirzapur,2494533,4522,25.15,82.55
Uttar Pradesh,Moradabad,4773138,3718,28.83,78.78
Uttar Pradesh,Muzaffarnagar,4138605,4008,29.45,77.58
Uttar Pradesh,Pilibhit,2037225,3499,28.55,80.10
Uttar Pradesh,Pratapgarh,3173752,3717,0.00,0.00
Uttar Pradesh,Raebareli,3404004,4609,26.22,81.23
Uttar Pradesh,Rampur,2335398,2367,28.80,79.02
Uttar Pradesh,Saharanpur,3464228,3689,29.97,77.55
Uttar Pradesh,Sambhal,2217020,2453,28.57,78.55
Uttar Pradesh,Sant Kabir Nagar,1714300,1442,26.77,83.05
Uttar Pradesh,Shahjahanpur,3002376,4575,28.00,79.83
Uttar Pradesh,Shamli,1274815,1063,29.45,77.32
Uttar Pradesh,Shravasti,1114615,1948,27.70,81.93
Uttar Pradesh,Siddharthnagar,2553526,2751,27.00,82.75
Uttar Pradesh,Sitapur,4474446,5743,27.50,80.92
Uttar Pradesh,Sonbhadra,1862612,6788,24.68,83.05
Uttar Pradesh,Sultanpur,3790922,4436,26.25,82.00
Uttar Pradesh,Unnao,3110595,4561,26.55,80.47
Uttar Pradesh,Varanasi,3682194,1535,25.33,83.00
Uttarakhand,Almora,621927,3090,29.58,79.65
Uttarakhand,Bageshwar,259840,2310,29.85,79.77
Uttarakhand,Chamoli,391114,7692,30.42,79.33
Uttarakhand,Champawat,259315,1781,29.33,80.10
Uttarakhand,Dehradun,1698560,3088,30.33,78.07
Uttarakhand,Haridwar,1927029,2360,29.97,78.17
Uttarakhand,Nainital,955128,3853,29.33,79.50
Uttarakhand,Pauri Garhwal,686527,5438,0.00,0.00
Uttarakhand,Pithoragarh,485993,7110,30.00,80.33
Uttarakhand,Rudraprayag,236857,1896,30.28,78.98
Uttarakhand,Tehri Garhwal,616409,4085,30.38,78.48
Uttarakhand,Udham Singh Nagar,1648367,2912,28.98,79.40
Uttarakhand,Uttarkashi,329686,7951,30.73,78.45
West Bengal,Alipurduar,1700000,3383,26.48,89.52
West Bengal,Bankura,3596292,6882,23.25,87.07
West Bengal,Paschim Bardhaman,2882031,1603,0.00,0.00
West Bengal,Purba Bardhaman,4835532,5433,0.00,0.00
West Bengal,Birbhum,3502387,4545,0.00,0.00
West Bengal,Cooch Behar,2822780,3387,26.32,89.45
West Bengal,Dakshin Dinajpur,1670931,2183,25.22,88.77
West Bengal,Darjeeling,1842034,3149,27.03,88.17
West Bengal,Hooghly,5520389,3149,0.00,0.00
West Bengal,Howrah,4841638,1467,22.58,88.25
West Bengal,Jalpaiguri,3869675,6227,26.70,89.00
West Bengal,Jhargram,1136548,3038,22.45,86.98
West Bengal,Kalimpong,251642,1054,27.07,88.47
West Bengal,Kolkata,4486679,185,22.57,88.37
West Bengal,Maldah,3997970,3733,25.00,88.15
West Bengal,Murshidabad,7102430,5324,24.13,88.27
West Bengal,Nadia,5168488,3927,23.40,88.50
West Bengal,North 24 Parganas,10082852,4094,22.13,88.50
West Bengal,Paschim Medinipur,5094238,9345,0.00,0.00
West Bengal,Purba Medinipur,4417377,4736,0.00,0.00
West Bengal,Purulia,2927965,6259,23.33,86.37
West Bengal,South 24 Parganas,8153176,9960,22.53,88.33
West Bengal,Uttar Dinajpur,3000849,3180,25.62,88.12
Andaman and Nicobar,Nicobar,36842,1841,9.15,92.75
Andaman and Nicobar,North and Middle Andaman,105597,3736,12.92,92.90
Andaman and Nicobar,South Andaman,238142,2672,11.67,92.73
Chandigarh,Chandigarh,1055450,114,30.75,76.78
Dadra and Nagar Haveli and Daman and Diu,Daman,191173,72,0.00,0.00
Dadra and Nagar Haveli and Daman and Diu,Diu,52074,39,20.72,70.98
Dadra and Nagar Haveli and Daman and Diu,Dadra and Nagar Haveli,343709,491,20.27,73.02
Jammu and Kashmir,Anantnag,1070144,2853,33.73,75.15
Jammu and Kashmir,Bandipora,385099,3010,34.42,74.65
Jammu and Kashmir,Baramulla,1015503,3329,34.18,74.35
Jammu and Kashmir,Badgam,735753,1406,34.02,74.77
Jammu and Kashmir,Doda,409576,11691,33.13,75.53
Jammu and Kashmir,Ganderbal,297003,258,34.23,74.78
Jammu and Kashmir,Jammu,1526406,3097,32.73,74.87
Jammu and Kashmir,Kathua,615711,2651,32.58,75.50
Jammu and Kashmir,Kishtwar,230696,7737,33.30,75.77
Jammu and Kashmir,Kulgam,422786,457,33.63,75.02
Jammu and Kashmir,Kupwara,875564,2379,34.52,74.25
Jammu and Kashmir,Poonch,476820,1674,0.00,0.00
Jammu and Kashmir,Pulwama,570060,1398,33.87,74.88
Jammu and Kashmir,Rajouri,619266,2630,33.25,74.25
Jammu and Kashmir,Ramban,283313,1330,33.23,75.23
Jammu and Kashmir,Reasi,314714,1710,33.08,74.83
Jammu and Kashmir,Samba,318611,913,32.55,75.12
Jammu and Kashmir,Shopian,265960,312,33.72,74.83
Jammu and Kashmir,Srinagar,1269751,2228,34.08,74.83
Jammu and Kashmir,Udhampur,555357,4550,33.00,75.17
Ladakh,Kargil,143388,14036,34.55,76.13
Ladakh,Leh,147104,45110,34.17,77.58
Lakshadweep,Lakshadweep,64473,30,10.57,72.63
Delhi,Central Delhi,582320,25,28.63,77.23
Delhi,East Delhi,1709346,440,28.63,77.28
Delhi,New Delhi,142004,22,28.60,77.20
Delhi,North Delhi,887978,59,28.67,77.22
Delhi,North East Delhi,2241624,52,28.68,77.30
Delhi,North West Delhi,3656539,130,28.68,77.12
Delhi,Shahdara,0,59.75,28.67,77.27
Delhi,South Delhi,2731929,250,28.55,77.18
Delhi,South East Delhi,0,0,28.60,77.13
Delhi,South West Delhi,2292958,395,28.60,77.13
Delhi,West Delhi,2543243,112,28.65,77.10
Puducherry,Karaikal,200222,157,11.02,79.87
Puducherry,Mah√©,41816,9,0.00,0.00
Puducherry,Pondicherry,950289,293,11.92,79.82
Puducherry,Yanam,55626,30,11.02,79.87
