State,District,City,Population,Latitude,Longitude,Area
Jammu & Kashmir,Srinagar,Srinagar,1180570,34.083656,74.797371,298
Jammu & Kashmir,Anantnag,Anantnag,150198,33.729729,75.149780,189
Jammu & Kashmir,Jammu,Jammu,576198,32.733333333333334,74.86666666666666,1070
Himachal Pradesh,Shimla,Shimla,169578,31.104605,77.173424,35
Punjab,Gurdaspur,Pathankot,156306,32.265942,75.646873,687
Punjab,Gurdaspur,Batala,158621,31.823462,75.205063,951
Punjab,Jalandhar,Jalandhar,868181,31.326015,75.576180,468
Punjab,Hoshiarpur,Hoshiarpur,168653,31.527355,75.913673,1119
Punjab,Ludhiana,Khanna,128137,30.702877,76.220222,212
Punjab,Ludhiana,Ludhiana,1618879,30.900965,75.857277,634
Punjab,Moga,Moga,163397,30.816460,75.171707,1235
Punjab,Firozpur,Firozpur,110313,30.923433,74.610214,1293
Punjab,Firozpur,Abohar,145302,30.133333333333333,74.2,1209
Punjab,Muktsar,Muktsar,116747,30.704649,76.717873,885
Punjab,Bathinda,Bathinda,285788,30.210995,74.945473,1512
Punjab,Patiala,Patiala,446246,30.340000,76.379997,1148
Punjab,Amritsar,Amritsar,1155664,31.633980,74.872261,562
Punjab,Sahibzada Ajit Singh Nagar,S.A.S. Nagar,166864,30.704649,76.717873,187
Punjab,Sangrur,Malerkotla,135424,30.525005,75.890121,684
Punjab,Barnala,Barnala,116449,30.366666666666667,75.53333333333333,898
Chandigarh,Chandigarh,Chandigarh,970602,30.741482,76.768066,114
Uttarakhand,Dehradun,Dehradun,574840,30.316496,78.032188,300
Uttarakhand,Nainital,Haldwani,201461,29.219677,79.512459,44
Uttarakhand,Udham Singh Nagar,Kashipur,121623,29.210421,78.961830,200
Uttarakhand,Udham Singh Nagar,Rudrapur,154554,28.978298,79.399612,27
Uttarakhand,Hardwar,Roorkee,118200,29.854263,77.888000,1067
Uttarakhand,Hardwar,Hardwar,231338,29.945690,78.164246,903
Haryana,Panchkula,Panchkula,211355,30.695202,76.854172,641
Haryana,Ambala,Ambala,195153,30.378180,76.776695,736
Haryana,Ambala,Ambala Sadar,104974,30.33477,76.84335,0
Haryana,Yamunanagar,Jagadhri,124894,30.172716,77.299492,840
Haryana,Yamunanagar,Yamunanagar,217071,30.116666666666667,77.28333333333333,0
Haryana,Kurukshetra,Thanesar,155152,29.962072,76.817825,801
Haryana,Kaithal,Kaithal,144915,29.8,76.38333333333334,1280
Haryana,Karnal,Karnal,302140,29.685629,76.990547,830
Haryana,Panipat,Panipat,295970,29.398928,76.977081,536
Haryana,Sonipat,Sonipat,289333,28.928774,77.091278,708
Haryana,Jind,Jind,167592,29.316668,76.316666,817
Haryana,Sirsa,Sirsa,182534,29.536535,75.025505,2069
Haryana,Hisar,Hisar,307024,29.15,75.7,2234
Haryana,Bhiwani,Bhiwani,196057,28.799046,76.133514,960
Haryana,Rohtak,Rohtak,374292,28.895515,76.606613,937
Haryana,Jhajjar,Bahadurgarh,170767,28.680000,76.919998,517
Haryana,Rewari,Rewari,143021,28.183332,76.616669,999
Haryana,Gurgaon,Gurgaon,886519,28.457523,77.026344,333
Haryana,Faridabad,Faridabad,1414050,28.416666666666668,77.3,351
Haryana,Palwal,Palwal,131926,28.148735,77.332024,619
NCT Of Delhi,North West,DMC,11007835,0,0,0
NCT Of Delhi,North West,Kirari Suleman Nagar,283211,0,0,0
NCT Of Delhi,North West,Sultan Pur Majra,181554,0,0,0
NCT Of Delhi,North West,Bhalswa Jahangir Pur,197148,0,0,0
NCT Of Delhi,North,Burari,146190,28.75,77.18333333333334,0
NCT Of Delhi,North East,Karawal Nagar,224281,0,0,0
NCT Of Delhi,North East,Mustafabad,127167,0,0,0
NCT Of Delhi,North East,Gokal Pur,121870,0,0,0
NCT Of Delhi,North East,Mandoli,120417,0,0,0
NCT Of Delhi,East,Dallo Pura,154791,0,0,0
NCT Of Delhi,West,Hastsal,176877,28.633333333333333,77.05,0
NCT Of Delhi,West,Nangloi Jat,205596,0,0,0
NCT Of Delhi,South West,Delhi Cantonment,101704,0,0,0
NCT Of Delhi,South,Deoli,169122,0,0,0
Rajasthan,Ganganagar,Ganganagar,237780,29.916666666666668,73.88333333333334,225
Rajasthan,Hanumangarh,Hanumangarh,150958,29.625996,74.287491,0
Rajasthan,Bikaner,Bikaner,644406,28.027138,73.302155,3699
Rajasthan,Churu,Churu,120157,28.292290,74.966583,1607
Rajasthan,Churu,Sujangarh,101523,27.696903,74.452972,2689
Rajasthan,Jhunjhunun,Jhunjhunun,118473,28.133333333333333,75.4,1619
Rajasthan,Alwar,Bhiwadi,104921,28.216666666666665,76.86666666666666,0
Rajasthan,Alwar,Alwar,322568,27.560932,76.625015,1202
Rajasthan,Bharatpur,Bharatpur,252838,27.216982,77.489517,501
Rajasthan,Dhaulpur,Dhaulpur,133075,26.7,77.9,524
Rajasthan,Karauli,Hindaun,105452,26.733333333333334,77.03333333333333,701
Rajasthan,Sawai Madhopur,Gangapur City,119090,26.47, 76.71,16.21
Rajasthan,Sawai Madhopur,Sawai Madhopur,121106,25.99,76.36,59
Rajasthan,Jaipur,Jaipur,3073350,26.922070,75.778885,579
Rajasthan,Sikar,Sikar,244497,27.615406,75.125885,1516
Rajasthan,Nagaur,Nagaur,105218,27.207006,73.742294,3056
Rajasthan,Jodhpur,Jodhpur,1056191,26.263863,73.008957,1968
Rajasthan,Pali,Pali,230075,25.771315,73.323685,1657
Rajasthan,Ajmer,Kishangarh,154886,26.588528,74.872513,1715
Rajasthan,Ajmer,Ajmer,542321,26.449896,74.639915,897
Rajasthan,Ajmer,Beawar,151152,26.100735,74.319077,687
Rajasthan,Tonk,Tonk,165294,26.17,75.78,814
Rajasthan,Bundi,Bundi,103286,25.430513,75.649902,1886
Rajasthan,Bhilwara,Bhilwara,359483,25.346251,74.636383,969
Rajasthan,Banswara,Banswara,101017,23.546757,74.433830,1135
Rajasthan,Chittaurgarh,Chittaurgarh,116406,24.883333333333333,74.63333333333334,983
Rajasthan,Kota,Kota,1001694,25,76.166,0
Rajasthan,Baran,Baran,117992,25.101145,76.513161,627
Rajasthan,Udaipur,Udaipur,451100,24.571270,73.691544,0
Uttar Pradesh,Saharanpur,Saharanpur,705478,29.959694,77.549057,787
Uttar Pradesh,Muzaffarnagar,Shamli,107266,29.448055,77.310280,610
Uttar Pradesh,Muzaffarnagar,Muzaffarnagar,392768,29.471397,77.696732,1045
Uttar Pradesh,Moradabad,Moradabad,887871,28.841064,78.795319,755
Uttar Pradesh,Moradabad,Sambhal,220813,28.590361,78.571762,868
Uttar Pradesh,Moradabad,Chandausi,114383,28.45,78.76666666666667,617
Uttar Pradesh,Rampur,Rampur,325313,28.8,79.0,329
Uttar Pradesh,Jyotiba Phule Nagar,Amroha,198471,28.902397,78.465042,634
Uttar Pradesh,Meerut,Meerut,1305429,28.984644,77.705956,929
Uttar Pradesh,Baghpat,Baraut,103764,29.166666666666668,77.43333333333334,731
Uttar Pradesh,Ghaziabad,Modinagar,130325,28.838299,77.581055,263
Uttar Pradesh,Ghaziabad,Loni,516082,28.75,77.28,35
Uttar Pradesh,Ghaziabad,Ghaziabad,1648643,28.667856,77.449791,457
Uttar Pradesh,Ghaziabad,Khora,190005,28.366666666666667,77.2,10
Uttar Pradesh,Ghaziabad,Hapur,262983,28.730579,77.775879,378
Uttar Pradesh,Gautam Buddha Nagar,Noida,637272,28.566666666666666,77.31666666666666,203
Uttar Pradesh,Gautam Buddha Nagar,Greater Noida,102054,28.474388,77.503990,0
Uttar Pradesh,Bulandshahr,Bulandshahr,230024,28.406963,77.849831,753
Uttar Pradesh,Bulandshahr,Khurja,121207,28.252222,77.851784,684
Uttar Pradesh,Aligarh,Aligarh,874408,27.900383,78.072281,0
Uttar Pradesh,Mahamaya Nagar,Hathras,143020,27.600000,78.050003,492
Uttar Pradesh,Mathura,Mathura,349909,27.492413,77.673676,1078
Uttar Pradesh,Agra,Agra,1585704,27.176670,78.008072,543
Uttar Pradesh,Firozabad,Firozabad,604214,27.159101,78.395760,451
Uttar Pradesh,Firozabad,Shikohabad,107404,27.108416,78.584602,750
Uttar Pradesh,Mainpuri,Mainpuri,136557,27.233333333333334,79.01666666666667,1015
Uttar Pradesh,Budaun,Budaun,159285,28.033709,79.120544,1161
Uttar Pradesh,Bareilly,Bareilly,904797,28.35,79.4,728
Uttar Pradesh,Pilibhit,Pilibhit,127988,28.627926,79.804176,1047
Uttar Pradesh,Shahjahanpur,Shahjahanpur,329736,27.883743,79.912247,1042
Uttar Pradesh,Kheri,Lakhimpur,151993,27.949080,80.782402,1474
Uttar Pradesh,Sitapur,Sitapur,177234,27.575090,80.663765,848
Uttar Pradesh,Hardoi,Hardoi,197029,27.395527,80.131325,1585
Uttar Pradesh,Unnao,Unnao,177658,26.536938,80.489960,1001
Uttar Pradesh,Lucknow,Lucknow,2817105,26.850000,80.949997,938
Uttar Pradesh,Rae Bareli,Rae Bareli,191316,26.36,81.4,50
Uttar Pradesh,Farrukhabad,Farrukhabad,276581,27.387049,79.588127,886
Uttar Pradesh,Etawah,Etawah,256838,26.811712,79.004692,645
Uttar Pradesh,Kanpur Nagar,Kanpur,2768057,26.449923,80.331871,1122
Uttar Pradesh,Jalaun,Orai,190575,25.983333333333334,79.46666666666667,927
Uttar Pradesh,Jhansi,Jhansi,505693,25.436298,78.567352,1185
Uttar Pradesh,Lalitpur,Lalitpur,133305,24.687860,78.412018,1834
Uttar Pradesh,Banda,Banda,160473,25.5,80.3,443
Uttar Pradesh,Fatehpur,Fatehpur,193193,25.920074,80.809998,1632
Uttar Pradesh,Allahabad,Allahabad,1168385,25.473034,81.878357,305
Uttar Pradesh,Faizabad,Faizabad,165228,26.770000,82.150002,425
Uttar Pradesh,Ambedkar Nagar,Akbarpur,111447,26.43,82.53,609
Uttar Pradesh,Sultanpur,Sultanpur,107640,26.264776,82.072708,767
Uttar Pradesh,Bahraich,Bahraich,186223,27.570839,81.598022,870
Uttar Pradesh,Gonda,Gonda,114046,27.133875,81.961990,1175
Uttar Pradesh,Basti,Basti,114657,26.822845,82.763443,829
Uttar Pradesh,Gorakhpur,Gorakhpur,673446,26.765844,83.364944,840
Uttar Pradesh,Deoria,Deoria,129479,26.500000,83.779999,927
Uttar Pradesh,Azamgarh,Azamgarh,110983,26.072067,83.185654,579
Uttar Pradesh,Mau,Maunath Bhanjan,278745,25.93,83.33,512
Uttar Pradesh,Ballia,Ballia,104424,25.758503,84.148911,804
Uttar Pradesh,Jaunpur,Jaunpur,180362,25.748695,82.698441,711
Uttar Pradesh,Ghazipur,Ghazipur,121020,25.584042,83.577019,678
Uttar Pradesh,Chandauli,Mughalsarai,109650,25.3,83.11666666666666,0
Uttar Pradesh,Varanasi,Varanasi,1198491,25.321684,82.987289,840
Uttar Pradesh,Mirzapur,Mirzapur,234871,25.133699,82.564430,1160
Uttar Pradesh,Etah,Etah,118517,27.558750,78.662567,1250
Uttar Pradesh,Kanshiram Nagar,Kasganj,101277,27.8,78.63333333333334,591
Bihar,Pashchim Champaran,Bagaha (Nagar Parishad),112634,27.13,84.07,0
Bihar,Pashchim Champaran,Bettiah (Nagar Parishad),132209,26.8,84.5,0
Bihar,Purba Champaran,Motihari (Nagar Parishad),126158,26.6,84.9,122
Bihar,Kishanganj,Kishanganj (Nagar Parishad),105782,26.06,87.9,0
Bihar,Purnia,Purnia,282248,25.766666666666666,87.46666666666667,92
Bihar,Katihar,Katihar,240838,25.533508,87.583748,115
Bihar,Saharsa,Saharsa (Nagar Parishad),156540,25.88,86.6,1687
Bihar,Darbhanga,Darbhanga,296039,26.152973,85.901413,196
Bihar,Muzaffarpur,Muzaffarpur,354462,26.121473,85.368752,93
Bihar,Siwan,Siwan (Nagar Parishad),135066,26.22,84.36,69
Bihar,Saran,Chapra (Nagar Parishad),202352,25.78,84.71,0
Bihar,Vaishali,Hajipur (Nagar Parishad),147688,25.68,85.22,20
Bihar,Begusarai,Begusarai,252008,25.416676,86.129379,224
Bihar,Bhagalpur,Bhagalpur,400146,25.253391,86.989059,342
Bihar,Munger,Munger,213303,25.375710,86.474373,259
Bihar,Munger,Jamalpur (Nagar Parishad),105434,0,0,0
Bihar,Nalanda,Biharsharif,297268,25.183333333333334,85.51666666666667,152.94
Bihar,Patna,Dinapur Nizamat (Nagar Parishad),182429,25.63,85.05,0
Bihar,Patna,Patna,1684297,25.612677,85.158875,99
Bihar,Bhojpur,Arrah,261430,25.556044,84.660332,191
Bihar,Buxar,Buxar (Nagar Parishad),102861,25.56,83.98,0
Bihar,Rohtas,Sasaram (Nagar Parishad),147408,24.95,84.03,0
Bihar,Rohtas,Dehri (Nagar Parishad),137231,24.91,84.18,0
Bihar,Aurangabad,Aurangabad (Nagar Parishad),102244,24.7,84.35,1420
Bihar,Gaya,Gaya,474093,24.780010,84.981827,0
Bihar,Jehanabad,Jehanabad (Nagar Parishad),103202,25.21,84.98,0
Sikkim,East District,Gangtok,100286,27.338936,88.606506,563
Nagaland,Dimapur,Dimapur,122834,25.906267,93.727592,121
Manipur,Imphal West,Imphal,193459,24.813967,93.950279,0
Mizoram,Aizawl,Aizawl,293416,23.727106,92.717636,457
Tripura,West Tripura,Agartala,400004,23.829321,91.277847,76.504
Meghalaya,East Khasi Hills,Shillong,143229,25.566666666666666,91.88333333333334,64.36
Assam,Nagaon,Nagaon,121628,26.35,92.66666666666667,362
Assam,Tinsukia,Tinsukia,116322,27.5,95.36666666666666,853
Assam,Dibrugarh,Dibrugarh,144063,27.472834,94.911964,12.65
Assam,Cachar,Silchar,178865,24.833271,92.778908,871
Assam,Kamrup Metropolitan,Guwahati,963429,26.148043,91.731377,100
West Bengal,Darjiling,Darjiling,118805,27.05,88.26666666666667,10.57
West Bengal,Darjiling,Siliguri,509709,26.732311,88.410286,260
West Bengal,Jalpaiguri,Dabgram,119040,0,0,0
West Bengal,Jalpaiguri,Jalpaiguri,107341,26.540457,88.719391,502
West Bengal,Uttar Dinajpur,Raiganj,183612,25.618530,88.125587,488
West Bengal,Dakshin Dinajpur,Balurghat,153279,25.237284,88.783058,355
West Bengal,Murshidabad,Berhampore,195223,24.098827,88.267929,278
West Bengal,Barddhaman,Kulti,313809,23.733333333333334,86.85,0
West Bengal,Barddhaman,Asansol,563917,23.673944,86.952393,326.48
West Bengal,Barddhaman,Jamuria,149220,23.7,87.08333333333333,134
West Bengal,Barddhaman,Raniganj,129441,23.630686,87.093666,81
West Bengal,Barddhaman,Durgapur,566517,23.533440,87.321930,154.20
West Bengal,Barddhaman,Barddhaman,314265,23.233333333333334,87.86666666666666,0
West Bengal,Nadia,Nabadwip,125543,23.406979,88.365593,93
West Bengal,Nadia,Krishnanagar,153062,23.4,88.5,26
West Bengal,Nadia,Santipur,151777,23.255541,88.437363,177
West Bengal,Nadia,Kalyani,100575,22.975084,88.434509,0
West Bengal,North Twenty Four Parganas,Bongaon,108864,23.070000,88.820000,344
West Bengal,North Twenty Four Parganas,Halisahar,124939,22.933333333333334,88.41666666666667,8.29
West Bengal,North Twenty Four Parganas,Kanchrapara,129576,22.949230,88.420921,9.06
West Bengal,North Twenty Four Parganas,Naihati,217900,22.883333333333333,88.41666666666667,11.55
West Bengal,North Twenty Four Parganas,Bhatpara,386019,22.866666666666667,88.41666666666667,34.69
West Bengal,North Twenty Four Parganas,Habra,147221,22.848854,88.663956,21.8
West Bengal,North Twenty Four Parganas,Ashokenagar Kalyangarh,121592,22.833,88.633,20
West Bengal,North Twenty Four Parganas,North Barrackpore,132806,22.76,88.37,11
West Bengal,North Twenty Four Parganas,Barrackpore,152783,22.767427,88.388344,10.61
West Bengal,North Twenty Four Parganas,Titagarh,116541,22.733333333333334,88.36666666666666,3.24
West Bengal,North Twenty Four Parganas,Khardah,108496,22.716666666666665,88.38333333333334,0
West Bengal,North Twenty Four Parganas,Panihati,377347,22.683333333333334,88.36666666666666,19.38
West Bengal,North Twenty Four Parganas,Barasat,278435,22.716666666666665,88.48333333333333,34.06
West Bengal,North Twenty Four Parganas,Madhyamgram,196127,22.7,88.45,0
West Bengal,North Twenty Four Parganas,North DumDum,249142,22.65,88.41,26
West Bengal,North Twenty Four Parganas,Kamarhati,330211,22.666666666666668,88.36666666666666,10.96
West Bengal,North Twenty Four Parganas,Baranagar,245213,22.633333333333333,88.36666666666666,7.12
West Bengal,North Twenty Four Parganas,Dum Dum,114786,22.62,88.42,9.73
West Bengal,North Twenty Four Parganas,South DumDum,403316,22.610001,88.400002,0
West Bengal,North Twenty Four Parganas,Rajarhat Gopalpur,402844,22.616,88.51
West Bengal,North Twenty Four Parganas,Bidhannagar,215514,22.583979,88.415482,0
West Bengal,North Twenty Four Parganas,Basirhat,125254,22.657402,88.867180,0
West Bengal,Hugli,Bansberia,103920,22.966666666666665,88.4,9.07
West Bengal,Hugli,Hugli-Chinsurah,179931,22.90,88.39,0
West Bengal,Hugli,Chandannagar,166867,22.864773,88.363258,19
West Bengal,Hugli,Bhadreswar,101477,22.82,88.35,8
West Bengal,Hugli,Champdani,111251,22.8,88.33333333333333,6.59
West Bengal,Hugli,Baidyabati,121110,22.8,88.31666666666666,12.03
West Bengal,Hugli,Serampore,181842,22.75,88.33333333333333,11.60
West Bengal,Hugli,Rishra,124577,22.716666666666665,88.35,0
West Bengal,Hugli,Uttarpara Kotrung,159147,22.676846,88.338509,11.75
West Bengal,Bankura,Bankura,137386,23.233774,87.087250,19.06
West Bengal,Puruliya,Puruliya,121067,23.333333333333332,86.36666666666666,140.18
West Bengal,Haora,Bally,113377,22.655149,88.340553,0
West Bengal,Haora,Bally,293373,22.655149,88.340553,0
West Bengal,Haora,Haora,1077075,22.583333333333332,88.25,63.55
West Bengal,Haora,Uluberia,235345,22.466666666666665,88.11666666666666,0
West Bengal,Kolkata,Kolkata,4496694,22.572645,88.363892,205.00
West Bengal,South Twenty Four Parganas,Maheshtala,448317,22.511976,88.250992,44.18
West Bengal,South Twenty Four Parganas,Rajpur Sonarpur,424368,22.44,88.39,49.26
West Bengal,Paschim Medinipur,Medinipur,169264,22.430889,87.321487,0
West Bengal,Paschim Medinipur,Kharagpur,207604,22.346010,87.231972,127
West Bengal,Purba Medinipur,Haldia,200827,22.066673,88.069809,300
Jharkhand,Giridih,Giridih,114533,24.184713,86.302193,409
Jharkhand,Deoghar,Deoghar,203123,24.482775,86.695175,338
Jharkhand,Dhanbad,Dhanbad,1162472,23.795399,86.427040,577
Jharkhand,Bokaro,Chas (Nagar Parishad),141640,23.63,86.16,0
Jharkhand,Bokaro,Bokaro Steel City,414820,23.669296,86.151115,183
Jharkhand,Purbi Singhbhum,Mango,223805,22.81,86.2,0
Jharkhand,Purbi Singhbhum,Jamshedpur,677350,22.805618,86.203110,224
Jharkhand,Hazaribagh,Hazaribag (Nagar Parishad),142489,23.98,85.35,0
Jharkhand,Ranchi,Ranchi,1073427,23.344101,85.309563,652.02
Jharkhand,Saraikela-Kharsawan,Adityapur (Nagar Parishad),174355,0,0,0
Odisha,Sambalpur,Sambalpur,189366,21.468185,83.975403,50
Odisha,Sundargarh,Raurkela,320040,22.233333333333334,84.86666666666666,56
Odisha,Mayurbhanj,Baripada,116849,21.932234,86.751694,40
Odisha,Baleshwar,Baleshwar,144373,21.483333333333334,86.93333333333334,38
Odisha,Bhadrak,Bhadrak,121338,21.051182,86.485748,78.86
Odisha,Cuttack,Cuttack,610189,20.462521,85.882988,398
Odisha,Khordha,Bhubaneswar,885363,20.296059,85.824539,185
Odisha,Puri,Puri,200564,19.817743,85.828629,17
Odisha,Ganjam,Brahmapur,356598,19.314962,84.794090,80
Chhattisgarh,Surguja,Ambikapur,121071,23.116444,83.196121,733
Chhattisgarh,Raigarh,Raigarh,150019,21.900000,83.400002,652
Chhattisgarh,Korba,Korba,363210,22.363848,82.734840,1996
Chhattisgarh,Bilaspur,Bilaspur,349107,22.078642,82.152328,448
Chhattisgarh,Rajnandgaon,Rajnandgaon,163114,21.097855,81.033707,745
Chhattisgarh,Durg,Bhilai Nagar,618611,21.21,81.38,341
Chhattisgarh,Durg,Durg,268806,21.190449,81.284920,639
Chhattisgarh,Raipur,Raipur,1027264,21.250000,81.629997,653
Chhattisgarh,Dhamtari,Dhamtari,101677,20.709999,81.550003,681
Chhattisgarh,Bastar,Jagdalpur,125463,19.070000,82.029999,720
Madhya Pradesh,Morena,Morena,200482,26.500000,78.000000,1071
Madhya Pradesh,Bhind,Bhind,197585,26.558735,78.787285,1189
Madhya Pradesh,Gwalior,Gwalior,1054420,26.218287,78.182831,2668
Madhya Pradesh,Datia,Datia,100284,25.665325,78.460938,1206
Madhya Pradesh,Shivpuri,Shivpuri,179977,25.424120,77.657990,1937
Madhya Pradesh,Chhatarpur,Chhatarpur,142128,24.916355,79.581184,1065
Madhya Pradesh,Sagar,Sagar,274556,23.834030,78.746567,2157
Madhya Pradesh,Damoh,Damoh,139561,23.839054,79.441025,1227
Madhya Pradesh,Satna,Satna,282977,24.579716,80.832176,0
Madhya Pradesh,Rewa,Rewa,235654,24.530727,81.299110,0
Madhya Pradesh,Neemuch,Neemuch,128561,24.466666666666665,74.86666666666666,566
Madhya Pradesh,Mandsaur,Mandsaur,141667,24.076836,75.069298,935
Madhya Pradesh,Ratlam,Ratlam,264914,23.334169,75.037636,1321
Madhya Pradesh,Ujjain,Nagda,100039,0,0,652
Madhya Pradesh,Ujjain,Ujjain,515215,23.179300,75.784912,745
Madhya Pradesh,Dewas,Dewas,289550,22.962267,76.050797,1001
Madhya Pradesh,Dhar,Pithampur,126200,22.610683,75.680862,200
Madhya Pradesh,Indore,Indore,1992422,22.719568,75.857727,891
Madhya Pradesh,Khargone (West Nimar),Khargone,116150,21.833525,75.614990,0
Madhya Pradesh,Vidisha,Vidisha,155951,23.530001,77.820000,1071
Madhya Pradesh,Bhopal,Bhopal,1798218,23.259933,77.412613,285.88
Madhya Pradesh,Sehore,Sehore,109118,23.198437,77.095184,911
Madhya Pradesh,Betul,Betul,103330,21.92,77.9,1347
Madhya Pradesh,Hoshangabad,Hoshangabad,117988,22.744108,77.736969,231
Madhya Pradesh,Katni,Murwara (Katni),221883,23.48,80.4,634
Madhya Pradesh,Jabalpur,Jabalpur,1069292,23.168770,79.931847,1147
Madhya Pradesh,Chhindwara,Chhindwara,175052,22.057163,78.938202,627
Madhya Pradesh,Seoni,Seoni,102343,22.086868,79.543488,1411
Madhya Pradesh,Guna,Guna,180935,24.650000,77.320000,1636
Madhya Pradesh,Singrauli,Singrauli,220257,24.2,82.65,1908
Madhya Pradesh,Khandwa (East Nimar),Khandwa,200738,21.825733,76.352570,0
Madhya Pradesh,Burhanpur,Burhanpur,210886,21.307373,76.230415,1054
Gujarat,Kachchh,Bhuj,148834,23.242001,69.666931,5936
Gujarat,Kachchh,Gandhidham,247992,23.079100,70.140152,217
Gujarat,Banas Kantha,Palanpur,141592,24.179331,72.426682,787
Gujarat,Banas Kantha,Deesa,111160,24.258503,72.190674,1478
Gujarat,Patan ,Patan,133737,23.849325,72.126625,0
Gujarat,Mahesana,Mahesana,190753,23.6,72.4,843
Gujarat,Gandhinagar,Kalol,134426,22.606001,73.462997,488
Gujarat,Gandhinagar,Gandhinagar,292797,23.237560,72.647781,671
Gujarat,Ahmadabad,Ahmadabad,5577940,23.03,72.58,1866
Gujarat,Surendranagar,Surendranagar Dudhrej,177851,22.716,71.716,45
Gujarat,Rajkot,Morvi,210451,22.816666666666666,70.83333333333333,1070
Gujarat,Rajkot,Rajkot,1323363,22.308155,70.800705,1115
Gujarat,Rajkot,Gondal,112197,21.961946,70.792297,1145
Gujarat,Rajkot,Jetpur Navagadh,118302,21.75,70.616,0
Gujarat,Jamnagar,Jamnagar,600943,22.470701,70.057732,1901
Gujarat,Porbandar,Porbandar,152760,21.640575,69.605965,1145
Gujarat,Junagadh,Junagadh,319462,21.515471,70.456444,680
Gujarat,Junagadh,Veraval,171121,20.916666666666668,70.36666666666666,0
Gujarat,Amreli,Amreli,117967,21.603176,71.222084,833
Gujarat,Bhavnagar,Botad,130327,22.170424,71.668427,794
Gujarat,Bhavnagar,Bhavnagar,605882,21.766666666666666,72.15,2293
Gujarat,Anand ,Anand,209410,22.554029,72.948936,0
Gujarat,Kheda,Nadiad,225071,22.700001,72.870003,404
Gujarat,Panch Mahals,Godhra,143644,22.766666666666666,73.61666666666666,765
Gujarat,Dohad ,Dohad,118846,22.83,74.25,14
Gujarat,Vadodara,Vadodara,1752371,22.310696,73.192635,671
Gujarat,Bharuch,Bharuch,169007,21.705723,72.998199,634
Gujarat,Navsari ,Navsari,171109,20.95,72.93333333333334,0
Gujarat,Valsad,Valsad,139764,20.6,72.91666666666667,524
Gujarat,Valsad,Vapi,163630,20.366666666666667,72.91666666666667,0
Gujarat,Surat,Surat,4467797,21.170240,72.831062,326.515
Maharashtra,Nandurbar,Nandurbar,111037,21.366666666666667,74.25,1054
Maharashtra,Dhule,Dhule,375559,20.903118,74.774986,1972
Maharashtra,Jalgaon,Bhusawal,187421,21.045521,75.801094,453
Maharashtra,Jalgaon,Jalgaon,460228,21.004194,75.563942,822
Maharashtra,Akola,Akola,425817,20.707228,77.002960,1141
Maharashtra,Amravati,Achalpur,112311,21.25,77.5,667
Maharashtra,Amravati,Amravati,647057,20.937424,77.779549,904
Maharashtra,Wardha,Wardha,106444,20.733333333333334,78.6,775
Maharashtra,Wardha,Hinganghat,101805,20.550573,78.841141,911
Maharashtra,Nagpur,Nagpur,2405665,21.15,79.08333333333333,227.36
Maharashtra,Gondiya,Gondiya,132813,21.45,80.18333333333334,663
Maharashtra,Chandrapur,Chandrapur,320379,19.970324,79.303360,1180
Maharashtra,Yavatmal,Yavatmal,116551,20.388794,78.120407,1118
Maharashtra,Nanded,Nanded Waghala,550439,0,0,0
Maharashtra,Parbhani,Parbhani,307170,19.257790,76.773743,1131
Maharashtra,Jalna,Jalna,285577,19.846811,75.890633,1168
Maharashtra,Aurangabad,Aurangabad,1175116,19.901054,75.352478,1306
Maharashtra,Nashik,Malegaon,481228,20.560797,74.525070,1818
Maharashtra,Nashik,Nashik,1486053,19.997454,73.789803,891
Maharashtra,Thane,Vasai-Virar City,1222390,19.47,72.8,380
Maharashtra,Thane,Mira-Bhayandar,809378,19.295233,72.854393,79.4
Maharashtra,Thane,Thane,1841488,19.218330,72.978088,400
Maharashtra,Thane,Navi Mumbai,1120547,19.016,73.016,0
Maharashtra,Thane,Bhiwandi Nizampur,709665,19.29,73.06,0
Maharashtra,Thane,Kalyan-Dombivli,1247327,19.233333333333334,73.13333333333334,137.15
Maharashtra,Thane,Ulhasnagar,506098,19.216666666666665,73.15,13
Maharashtra,Thane,Badlapur,174226,19.166784,73.236794,35.68
Maharashtra,Thane,Ambarnath,253475,19.2,73.18333333333334,328
Maharashtra,Mumbai Suburban,Greater Mumbai,12478447,0,0,603
Maharashtra,Raigarh,Panvel,180020,18.983333333333334,73.1,613
Maharashtra,Raigarh,Navi Mumbai Panvel Raigarh,195373,0,0,0
Maharashtra,Pune,Pimpri Chinchwad,1727692,18.616,73.8,181
Maharashtra,Pune,Pune,3124458,18.516726,73.856255,331.26
Maharashtra,Ahmadnagar,Ahmadnagar,350859,19.083333333333332,74.73333333333333,39.30
Maharashtra,Bid,Bid,146709,18.99,75.76,45
Maharashtra,Latur,Latur,382940,18.407957,76.576767,1009
Maharashtra,Latur,Udgir,103550,18.393400,77.113144,736
Maharashtra,Osmanabad,Osmanabad,111825,18.186066,76.041939,1347
Maharashtra,Solapur,Barshi,118722,18.233333333333334,75.68333333333334,1542
Maharashtra,Solapur,Solapur,951558,17.659920,75.906387,180.67
Maharashtra,Satara,Satara,120195,17.691401,74.000938,911
Maharashtra,Kolhapur,Ichalkaranji,287353,16.709002,74.456078,49.84
Maharashtra,Kolhapur,Kolhapur,549236,16.691307,74.244865,66.82
Maharashtra,Sangli,Sangli Miraj Kupwad,502793,16.86,74.56,0
Andhra Pradesh,Adilabad,Adilabad,117167,19.666700,78.533302,35.5
Andhra Pradesh,Nizamabad,Nizamabad,311152,0,0,0
Andhra Pradesh,Karimnagar,Ramagundam,237559,18.75,79.46666666666667,93.87
Andhra Pradesh,Karimnagar,Jagtial,103930,18.8,78.93333333333334,45
Andhra Pradesh,Karimnagar,Karimnagar,283657,18.433333333333334,79.11666666666666,40.50
Andhra Pradesh,Hyderabad,GHMC,1730320,0,0,0
Andhra Pradesh,Hyderabad,GHMC,250932,0,0,0
Andhra Pradesh,Hyderabad,GHMC,135370,0,0,0
Andhra Pradesh,Hyderabad,Secunderabad,217910,17.45,78.5,64.5
Andhra Pradesh,Hyderabad,GHMC,172542,0,0,0
Andhra Pradesh,Hyderabad,GHMC,341099,0,0,0
Andhra Pradesh,Hyderabad,GHMC,153558,0,0,0
Andhra Pradesh,Hyderabad,GHMC,108062,0,0,0
Andhra Pradesh,Hyderabad,GHMC,189378,0,0,0
Andhra Pradesh,Hyderabad,GHMC,271385,0,0,0
Andhra Pradesh,Hyderabad,GHMC,442229,0,0,0
Andhra Pradesh,Hyderabad,GHMC,213359,0,0,0
Andhra Pradesh,Hyderabad,GHMC,468158,0,0,0
Andhra Pradesh,Hyderabad,GHMC,330193,0,0,0
Andhra Pradesh,Hyderabad,GHMC,237594,0,0,0
Andhra Pradesh,Hyderabad,GHMC,345722,0,0,0
Andhra Pradesh,Rangareddy,GHMC,309320,0,0,0
Andhra Pradesh,Rangareddy,GHMC,567996,0,0,0
Andhra Pradesh,Rangareddy,GHMC,383654,0,0,0
Andhra Pradesh,Rangareddy,GHMC,413571,0,0,0
Andhra Pradesh,Rangareddy,GHMC,105987,0,0,0
Andhra Pradesh,Rangareddy,GHMC,384835,0,0,0
Andhra Pradesh,Rangareddy,GHMC,118577,0,0,0
Andhra Pradesh,Rangareddy,GHMC,369034,0,0,0
Andhra Pradesh,Rangareddy,GHMC,229823,0,0,0
Andhra Pradesh,Mahbubnagar,Mahbubnagar,190400,16.75,78.0,0
Andhra Pradesh,Nalgonda,Suryapet,106805,17.133333333333333,79.61666666666666,35
Andhra Pradesh,Nalgonda,Nalgonda,154326,17.05,79.26666666666667,105
Andhra Pradesh,Nalgonda,Miryalaguda,104918,16.866666666666667,79.58333333333333,28.36
Andhra Pradesh,Warangal,Warangal,620116,18.000055,79.588165,406.87
Andhra Pradesh,Khammam,Khammam,184210,17.25,80.16666666666667,93.45
Andhra Pradesh,Srikakulam,Srikakulam,135367,18.296974,83.896782,136
Andhra Pradesh,Vizianagaram,Vizianagaram,228720,18.106659,83.395554,140
Andhra Pradesh,Visakhapatnam,GVMC,1730320,0,0,0
Andhra Pradesh,East Godavari,Rajahmundry,341831,17.004393,81.783325,45
Andhra Pradesh,East Godavari,Kakinada,312538,16.989065,82.247467,192.3
Andhra Pradesh,West Godavari,Tadepalligudem,104032,16.814524,81.526558,217
Andhra Pradesh,West Godavari,Eluru,218020,16.703285,81.100388,235
Andhra Pradesh,West Godavari,Bhimavaram,146961,16.544893,81.521240,194
Andhra Pradesh,Krishna,Vijayawada,1021806,16.515099,80.632095,61.88
Andhra Pradesh,Krishna,Gudivada,118167,16.441025,80.992630,117
Andhra Pradesh,Krishna,Machilipatnam,169892,16.170000,81.129997,405
Andhra Pradesh,Guntur,Mangalagiri,107197,16.433333333333334,80.55,141
Andhra Pradesh,Guntur,Narasaraopet,117489,16.25,80.06666666666666,236
Andhra Pradesh,Guntur,Chilakaluripet,101398,16.089170,80.167221,15
Andhra Pradesh,Guntur,Guntur,670073,16.314209,80.435028,193
Andhra Pradesh,Guntur,Tenali,164937,16.236719,80.647476,114
Andhra Pradesh,Prakasam,Ongole,204746,15.505723,80.049919,204
Andhra Pradesh,Sri Potti Sriramulu Nellore,Nellore,547621,14.442599,79.986458,343
Andhra Pradesh,Y.S.R.,Proddatur,163970,14.752805,78.552757,21.06
Andhra Pradesh,Y.S.R.,Kadapa,318916,14.477234,78.804932,164.08
Andhra Pradesh,Kurnool,Kurnool,424920,15.834536,78.029366,341
Andhra Pradesh,Kurnool,Adoni,184625,15.616666666666667,77.26666666666667,544
Andhra Pradesh,Kurnool,Nandyal,211424,15.478569,78.483093,222
Andhra Pradesh,Anantapur,Guntakal,126270,15.167409,77.373627,402
Andhra Pradesh,Anantapur,Tadpatri,108171,14.916666666666666,78.01666666666667,361
Andhra Pradesh,Anantapur,Anantapur,261004,14.685564,77.595406,278
Andhra Pradesh,Anantapur,Dharmavaram,121874,14.413745,77.712616,375
Andhra Pradesh,Anantapur,Hindupur,151677,13.816666666666666,77.48333333333333,200
Andhra Pradesh,Chittoor,Tirupati,293421,13.629065,79.424446,27.44
Andhra Pradesh,Chittoor,Madanapalle,180180,13.550000,78.500000,347
Andhra Pradesh,Chittoor,Chittoor,160722,13.217096,79.100677,177
Karnataka,Belgaum,Belgaum,490045,15.852792,74.498703,1032
Karnataka,Bagalkot,Bagalkot,111933,16.166666666666668,75.68333333333334,925
Karnataka,Bijapur,Bijapur,327427,16.827545,75.725327,2648
Karnataka,Bidar,Bidar,216020,17.920000,77.519722,908
Karnataka,Raichur,Raichur,234073,16.200829,77.362289,1546
Karnataka,Koppal,Gangawati,114642,15.433333333333334,76.53333333333333,1334
Karnataka,Gadag,Gadag-Betigeri,172612,15.416666666666666,75.61666666666666,54.01
Karnataka,Dharwad,Hubli-Dharwad,943788,0,0,0
Karnataka,Haveri,Ranibennur,106406,14.616666666666667,75.61666666666666,901
Karnataka,Bellary,Hospet,206167,15.266666666666667,76.38333333333334,934
Karnataka,Bellary,Bellary,410445,15.1,76.91666666666667,1689
Karnataka,Chitradurga,Chitradurga,145853,14.230000,76.400002,1383
Karnataka,Davanagere,Davanagere,434971,14.464103,75.921661,958
Karnataka,Shimoga,Shimoga,322650,13.929930,75.568100,1114
Karnataka,Shimoga,Bhadravati,151102,13.840000,75.702003,686
Karnataka,Udupi,Udupi,144960,13.340881,74.742142,939
Karnataka,Chikmagalur,Chikmagalur,118401,13.3,75.73333333333333,1592
Karnataka,Tumkur,Tumkur,302143,13.333333333333334,77.1,1028
Karnataka,Bangalore,BBMP,8443675,0,0,0
Karnataka,Mandya,Mandya,137358,12.523731,76.894684,713
Karnataka,Hassan,Hassan,155006,13.009711,76.102898,933
Karnataka,Dakshina Kannada,Mangalore,499487,12.8,74.83333333333333,865
Karnataka,Mysore,Mysore,920550,12.3,76.65,797
Karnataka,Gulbarga,Gulbarga,543147,17.316666666666666,76.81666666666666,1741
Karnataka,Kolar,Kolar,138462,13.133333333333333,78.13333333333334,792
Karnataka,Kolar,Robertson Pet,162230,12.95,78.27,58.12
Kerala,Kasaragod,Kanhangad,125564,12.3,75.08,140
Kerala,Kozhikode,Kozhikode,550440,11.258753,75.780411,1032
Kerala,Malappuram,Malappuram,101386,11.072035,76.074005,33.61
Kerala,Palakkad,Palakkad,130955,10.784703,76.653145,713
Kerala,Thrissur,Thrissur,315957,10.530345,76.214729,630
Kerala,Ernakulam,Kochi,601574,9.966666666666667,76.28333333333333,129
Kerala,Alappuzha,Alappuzha,240991,9.498067,76.338844,46.20
Kerala,Kollam,Kollam,350131,8.893212,76.614143,380
Kerala,Thiruvananthapuram,Thiruvananthapuram,762535,8.524139,76.936638,308
Tamil Nadu,Thiruvallur,Avadi,345996,13.116666666666667,80.1,65
Tamil Nadu,Thiruvallur,Ambattur,466205,13.083333333333334,80.15,180
Tamil Nadu,Thiruvallur,Tiruvottiyur,249446,13.166666666666666,80.3,0
Tamil Nadu,Thiruvallur,Madavaram,119105,13.15,80.23333333333333,0
Tamil Nadu,Chennai,Chennai,4646732,13.067439,80.237617,426
Tamil Nadu,Kancheepuram,Tambaram,174787,12.933333333333334,80.11666666666666,62
Tamil Nadu,Kancheepuram,Alandur,164430,13.0,80.2,89
Tamil Nadu,Kancheepuram,Pallavaram,215417,12.983333333333333,80.18333333333334,18
Tamil Nadu,Kancheepuram,Kancheepuram,164384,12.833333333333334,79.7,636
Tamil Nadu,Vellore,Vellore,185803,12.934968,79.146881,877
Tamil Nadu,Vellore,Ambur,114608,12.790361,78.716606,558
Tamil Nadu,Tiruvannamalai,Tiruvannamalai,145278,12.228628,79.066544,974
Tamil Nadu,Salem,Salem,829267,11.664325,78.146011,539
Tamil Nadu,Erode,Erode,157101,11.342423,77.728165,768
Tamil Nadu,Dindigul,Dindigul,207327,10.365581,77.970657,1139
Tamil Nadu,Tiruchirappalli,Tiruchirappalli,847387,10.8,78.68333333333334,71
Tamil Nadu,Cuddalore,Cuddalore,173636,11.744699,79.768021,308
Tamil Nadu,Cuddalore,Neyveli,105731,11.533333333333333,79.48333333333333,0
Tamil Nadu,Nagapattinam ,Nagapattinam,102905,10.766666666666667,79.83333333333333,17.92
Tamil Nadu,Thanjavur,Kumbakonam,140156,10.959815,79.380898,277
Tamil Nadu,Thanjavur,Thanjavur,222943,10.786999,79.137825,616
Tamil Nadu,Pudukkottai,Pudukkottai,117630,10.379663,78.820847,324
Tamil Nadu,Sivaganga,Karaikkudi,106714,10.066666666666666,78.78333333333333,600
Tamil Nadu,Madurai,Madurai,1017865,9.939093,78.121719,147.97
Tamil Nadu,Virudhunagar,Rajapalayam,130442,9.45,77.55,466
Tamil Nadu,Thoothukkudi,Thoothukkudi,237830,8.816666666666666,78.13333333333334,362
Tamil Nadu,Tirunelveli,Tirunelveli,473637,8.741222,77.694626,569
Tamil Nadu,Kanniyakumari,Nagercoil,224849,8.174450,77.432159,49.371
Tamil Nadu,Krishnagiri,Hosur,116821,12.735126,77.829338,958
Tamil Nadu,Coimbatore,Coimbatore,1050721,11.016666666666667,76.96666666666667,246.75
Tamil Nadu,Coimbatore,Kurichi,123667,10.966666666666667,77.01666666666667,0
Tamil Nadu,Tiruppur,Tiruppur,444352,11.110695,77.348045,372
Puducherry,Puducherry,Puducherry,244377,11.9,79.8,483
Puducherry,Puducherry,Ozhukarai,300104,11.95,79.76666666666667,0
Andaman & Nicobar Islands,South Andaman,Port Blair,108058,11.623377,92.726486,548
